-- NEYA ERP migration export

BEGIN;

-- Nettoyage données métier (garde users/admin)

TRUNCATE TABLE purchase_items, purchase_orders, project_materials, payments, expenses, purchase_needs, admin_tasks, dashboard_todos, invoices, quotes, tasks, projects, standards, clients RESTART IDENTITY CASCADE;

DELETE FROM employees;

-- clients (2 rows)
INSERT INTO clients (id, name, contact, email, phone, notes, created_at, address, city, wp_customer_id, drive_folder_id) VALUES (1, 'Anne', NULL, NULL, NULL, NULL, '2026-06-27T17:23:46.914Z', NULL, NULL, NULL, NULL);
INSERT INTO clients (id, name, contact, email, phone, notes, created_at, address, city, wp_customer_id, drive_folder_id) VALUES (2, 'Son', NULL, NULL, NULL, NULL, '2026-06-27T17:23:46.914Z', NULL, NULL, NULL, NULL);


-- employees (2 rows)
INSERT INTO employees (id, name, email, role, hourly_rate, skills, active, color, created_at) VALUES (1, 'Olive', NULL, 'artisan', '19.00', '["assemblage","finition","usinage"]'::jsonb, TRUE, '#6B8E6B', '2026-07-07T03:37:27.818Z');
INSERT INTO employees (id, name, email, role, hourly_rate, skills, active, color, created_at) VALUES (2, 'Mehdi', NULL, 'artisan', '23.00', '["debitage","usinage","cnc","assemblage"]'::jsonb, TRUE, '#D86B30', '2026-07-07T03:52:02.492Z');


-- standards (10 rows)
INSERT INTO standards (id, name, product_type, steps, created_at, meta) VALUES (1, 'Banc sur mesure', 'banc', '[{"phase":"debitage","tools":["scie","défonceuse"],"description":"Débitage planches","instructions":"Couper selon plan","estimated_minutes":120},{"phase":"usinage","tools":["CNC"],"description":"Usinage CNC","instructions":"Programmes CNC banc","estimated_minutes":180},{"phase":"assemblage","tools":["colle","serre-joints"],"description":"Assemblage structure","instructions":"Coller et serrer 24h","estimated_minutes":240},{"phase":"finition","tools":["ponceuse","vernis"],"description":"Ponçage et vernis","instructions":"2 couches vernis","estimated_minutes":180}]'::jsonb, '2026-06-27T16:31:14.150Z', '{}'::jsonb);
INSERT INTO standards (id, name, product_type, steps, created_at, meta) VALUES (2, 'Guides atelier — Fiches fabrication', 'guide', '[{"image":"/fiches/ops/securite.png","phase":"admin","tools":[],"description":"Sécurité — règles non négociables","instructions":"Dégauchisseuse + banc de scie : Mehdi seul. Lunettes + auditive. P100 sablage/finition. Poussoir < 6\". Aspirateur partout sauf ruban capot ouvert.","estimated_minutes":5},{"phase":"admin","tools":[],"description":"Machines assistant vs Mehdi","instructions":"Assistant : ruban, toupie, Domino DF 700, perceuse, sableuses, défonceuse. Mehdi : dégauchisseuse, banc scie, CNC.","estimated_minutes":5},{"image":"/fiches/ops/collage-cernes.png","phase":"assemblage","tools":["Titebond III"],"description":"Guide collage","instructions":"Alterner cernes. 1 serre / 3\". Titebond III : 45 min serrage, 1h manipulation, 24h usinage.","estimated_minutes":10},{"image":"/fiches/ops/timesaver.png","phase":"finition","tools":["Time Saver"],"description":"Guide sablage","instructions":"80→120→180→220. Sens du fil (180+). Marquer au crayon entre grains.","estimated_minutes":10},{"image":"/fiches/ops/domino-etroit.png","phase":"assemblage","tools":["Domino DF 700"],"description":"Domino DF 700","instructions":"Fraises 8–14 mm. Extrémités ÉTROIT, intermédiaires +1/+2. Profondeur = moitié domino.","estimated_minutes":15},{"image":"/fiches/ops/aretes-profiles.png","phase":"finition","tools":[],"description":"Profils arêtes Neya","instructions":"4 profils × tailles 1/8\", 1/4\", 3/8\". Toupie ou râpe + 180.","estimated_minutes":10},{"phase":"finition","tools":[],"description":"Produits finition","instructions":"Osmo LED UV. Saman planches découper. Vernis eau RIVAGE/AZAD/MÕA.","estimated_minutes":10}]'::jsonb, '2026-06-27T17:31:05.719Z', '{"sku":"GUIDE","images":["/fiches/ops/securite.png","/fiches/ops/collage-cernes.png","/fiches/ops/timesaver.png","/fiches/ops/domino-etroit.png"],"source":"Neya_Fiches_Fabrication v1.1 — Mai 2026","version":"1.1"}'::jsonb);
INSERT INTO standards (id, name, product_type, steps, created_at, meta) VALUES (3, 'L3 — Planche à découper', 'L3', '[{"num":1,"image":"/fiches/ops/collage-serres.png","phase":"assemblage","tools":["colle"],"description":"Collage du bloc rayé (1 pour 1)","instructions":"Alterner noyer/érable. Coller à plat, serres alternées. 45 min, gratter colle. Time Saver après 24h.","estimated_minutes":90},{"num":2,"image":"/fiches/ops/l3-l7-vague-etapes.png","phase":"usinage","tools":["gabarit plexi"],"description":"Tracé de la vague — gabarit plexi","instructions":"Bloc à l''envers, ruban double face (4–6). Courbe S. Scie ruban 3/8\".","estimated_minutes":60},{"num":3,"image":"/fiches/ops/l3-l7-vague-etapes.png","phase":"assemblage","tools":[],"description":"Recomposition Noyer ext. / Érable centre","instructions":"Séparer, réassembler motif signature. Recoller 45 min. Recouper 4,5\" × 15\".","estimated_minutes":75},{"image":"/fiches/ops/aretes-profiles.png","phase":"finition","tools":["toupie"],"description":"Cardon des arêtes — profil Neya","instructions":"Cocher le profil : arête vive, chanfrein, 1/4 rond, double chanfrein (1/8\", 1/4\", 3/8\"). Test sur chute obligatoire.","estimated_minutes":30},{"image":"/fiches/ops/timesaver.png","phase":"finition","tools":["Time Saver"],"description":"Sablage","instructions":"Time Saver : ☐ OUI  ☐ NON. Grains : 80 → 120 → 180 → 220. Règle : « si ça passe pas au Time Saver, on fait 80 puis 0 ». 0000 entre couches d''huile seulement.","estimated_minutes":75},{"phase":"finition","tools":["Osmo","vernis"],"description":"Finition","instructions":"Type : Huile / cire alimentaire. 2 couche(s). Usage : contact alimentaire. Vérifier lumière rasante. Étiquette Neya.","estimated_minutes":90}]'::jsonb, '2026-06-27T17:31:05.719Z', '{"sku":"L3","wood":"Noyer (sombre) + Érable (blanc) — 1 pour 1","image":"/fiches/products/L3.png","price":"79,00 $ CAD","finish":"Huile / cire alimentaire — 2 couches","source":"Neya_Fiches_Fabrication v1.1 — Mai 2026","debitage":[{"qty":"3–4","wood":"Noyer","notes":"Sens du fil régulier","piece":"Lattes noyer","dimensions":"4/4\" × ≈1\" × 15\""},{"qty":"3–4","wood":"Érable","notes":"Alterner avec le noyer","piece":"Lattes érable","dimensions":"4/4\" × ≈1\" × 15\""}],"lead_time":"Stock atelier","dimensions":"4,5\" × 15\" — épaisseur 4/4\" (≈19 mm)","finish_coats":"2","finish_usage":"contact alimentaire","debitage_note":null}'::jsonb);
INSERT INTO standards (id, name, product_type, steps, created_at, meta) VALUES (4, 'L7 — Planche à découper suspendue', 'L7', '[{"num":1,"image":"/fiches/ops/l3-l7-vague-etapes.png","phase":"assemblage","tools":[],"description":"Collage, vague, recomposition","instructions":"Bloc 1:1, 4–6 serres, 45 min. Gabarit plexi, ruban 3/8\". Noyer ext., érable centre. Recouper 24\"×24\" losange.","estimated_minutes":120},{"num":2,"image":"/fiches/ops/l7-suspension.png","phase":"usinage","tools":["perceuse"],"description":"Trou de suspension (signature L7)","instructions":"Percer selon gabarit. Vérifier équilibre.","estimated_minutes":30},{"image":"/fiches/ops/aretes-profiles.png","phase":"finition","tools":["toupie"],"description":"Cardon des arêtes — profil Neya","instructions":"Cocher le profil : arête vive, chanfrein, 1/4 rond, double chanfrein (1/8\", 1/4\", 3/8\"). Test sur chute obligatoire.","estimated_minutes":30},{"image":"/fiches/ops/timesaver.png","phase":"finition","tools":["Time Saver"],"description":"Sablage","instructions":"Time Saver : ☐ OUI  ☐ NON. Grains : 80 → 120 → 180 → 220. Règle : « si ça passe pas au Time Saver, on fait 80 puis 0 ». 0000 entre couches d''huile seulement.","estimated_minutes":75},{"phase":"finition","tools":["Osmo","vernis"],"description":"Finition","instructions":"Type : Huile / cire alimentaire. 2 couche(s). Usage : contact alimentaire — suspendue. Vérifier lumière rasante. Étiquette Neya.","estimated_minutes":90}]'::jsonb, '2026-06-27T17:31:05.719Z', '{"sku":"L7","wood":"Noyer + Érable — 1 pour 1","image":"/fiches/products/L7.png","price":"89,00 $ CAD","finish":"Huile / cire alimentaire — 2 couches","source":"Neya_Fiches_Fabrication v1.1 — Mai 2026","related":"L3","debitage":[{"qty":"À calculer","wood":"Noyer","notes":"","piece":"Lattes noyer","dimensions":"4/4\" × ≈1\" × 24\""},{"qty":"À calculer","wood":"Érable","notes":"","piece":"Lattes érable","dimensions":"4/4\" × ≈1\" × 24\""}],"lead_time":"Stock atelier","dimensions":"24\" × 24\" (losange) — 4/4\"","finish_coats":"2","finish_usage":"contact alimentaire — suspendue","debitage_note":"Même principe que la L3 — format plus grand."}'::jsonb);
INSERT INTO standards (id, name, product_type, steps, created_at, meta) VALUES (5, 'MÕA — Tabouret ondulé', 'MÕA', '[{"num":1,"phase":"usinage","tools":["CNC"],"description":"Usinage dessus ondulé","instructions":"Collage lattes puis CNC OU scie ruban + gabarit. Pieds : tour ou CNC.","estimated_minutes":180},{"num":2,"image":"/fiches/ops/domino-placement.png","phase":"assemblage","tools":["Domino DF 700"],"description":"Domino DF 700 — pieds/dessus","instructions":"Documenter fraise, profondeur, hauteur appui, nb dominos.","estimated_minutes":120},{"num":3,"phase":"assemblage","tools":[],"description":"Assemblage final","instructions":"3 pieds + dessus. Aplomb. 4 serres min.","estimated_minutes":60},{"image":"/fiches/ops/aretes-profiles.png","phase":"finition","tools":["toupie"],"description":"Cardon des arêtes — profil Neya","instructions":"Cocher le profil : arête vive, chanfrein, 1/4 rond, double chanfrein (1/8\", 1/4\", 3/8\"). Test sur chute obligatoire.","estimated_minutes":30},{"image":"/fiches/ops/timesaver.png","phase":"finition","tools":["Time Saver"],"description":"Sablage","instructions":"Time Saver : ☐ OUI  ☐ NON. Grains : 80 → 120 → 180 → 220. Règle : « si ça passe pas au Time Saver, on fait 80 puis 0 ». 0000 entre couches d''huile seulement.","estimated_minutes":75},{"phase":"finition","tools":["Osmo","vernis"],"description":"Finition","instructions":"Type : Vernis à l''eau (sans COV). 2-3 couche(s). Usage : assise quotidienne. Vérifier lumière rasante. Étiquette Neya.","estimated_minutes":90}]'::jsonb, '2026-06-27T17:31:05.719Z', '{"sku":"MÕA","wood":"Frêne massif OU noyer massif","image":"/fiches/products/MOA.png","price":"380 $ (frêne) — 420 $ (noyer)","domino":{"note":"Extrémités en ÉTROIT. Intermédiaires +1 ou +2 clics. Espacer 6–8\".","title":"Assemblage Domino — DF 700","fields":["Fraise (Ø)","Profondeur","Hauteur appui","Nb dominos / jonction"],"images":["/fiches/ops/domino-etroit.png","/fiches/ops/domino-plus1.png","/fiches/ops/domino-plus2.png","/fiches/ops/domino-placement.png","/fiches/ops/domino-hauteur.png"],"checklist":["ÉTROIT (0 clic)","+1 CLIC","+2 CLICS"]},"finish":"Vernis à l''eau sans COV","source":"Neya_Fiches_Fabrication v1.1 — Mai 2026","debitage":[{"qty":"1","wood":"Frêne ou noyer","notes":"Découpe scie ruban ou CNC","piece":"Dessus ondulé","dimensions":"Collage lattes — voir plan"},{"qty":"3","wood":"Frêne ou noyer","notes":"Tournés ou CNC","piece":"Pieds","dimensions":"Cylindriques — voir plan"},{"qty":"1","wood":"Noyer (si dessus frêne)","notes":"Inséré avec vague","piece":"Pied signature","dimensions":"Voir plan"}],"lead_time":"1-2 semaines","dimensions":"9,75\" × 15,5\" × 18,75\" (h) — ≈4,2 kg","finish_coats":"2-3","finish_usage":"assise quotidienne","debitage_note":"Tabouret 3 pieds + dessus ondulé. Vague signature sur un pied."}'::jsonb);
INSERT INTO standards (id, name, product_type, steps, created_at, meta) VALUES (6, 'ÕNDULA — Étagère courbée', 'ÕNDULA', '[{"num":1,"phase":"usinage","tools":["CNC"],"description":"Formage courbe","instructions":"Lamellé-collé / ruban+gabarit / CNC. Noter rayon.","estimated_minutes":180},{"num":2,"image":"/fiches/ops/domino-placement.png","phase":"assemblage","tools":["Domino DF 700"],"description":"Domino DF 700","instructions":"Paramètres par jonction.","estimated_minutes":90},{"num":3,"phase":"assemblage","tools":[],"description":"Fixation murale","instructions":"Pattes Z ou chevilles affleurantes.","estimated_minutes":45},{"image":"/fiches/ops/aretes-profiles.png","phase":"finition","tools":["toupie"],"description":"Cardon des arêtes — profil Neya","instructions":"Cocher le profil : arête vive, chanfrein, 1/4 rond, double chanfrein (1/8\", 1/4\", 3/8\"). Test sur chute obligatoire.","estimated_minutes":30},{"image":"/fiches/ops/timesaver.png","phase":"finition","tools":["Time Saver"],"description":"Sablage","instructions":"Time Saver : ☐ OUI  ☐ NON. Grains : 80 → 120 → 180 → 220. Règle : « si ça passe pas au Time Saver, on fait 80 puis 0 ». 0000 entre couches d''huile seulement.","estimated_minutes":75},{"phase":"finition","tools":["Osmo","vernis"],"description":"Finition","instructions":"Type : Vernis à l''eau (sans COV). 2-3 couche(s). Usage : étagère murale. Vérifier lumière rasante. Étiquette Neya.","estimated_minutes":90}]'::jsonb, '2026-06-27T17:31:05.719Z', '{"sku":"ÕNDULA","wood":"À compléter","image":"/fiches/products/ONDULA.png","price":"369 $ — 399 $","domino":{"note":"Extrémités en ÉTROIT. Intermédiaires +1 ou +2 clics. Espacer 6–8\".","title":"Assemblage Domino — DF 700","fields":["Fraise (Ø)","Profondeur","Hauteur appui","Nb dominos / jonction"],"images":["/fiches/ops/domino-etroit.png","/fiches/ops/domino-plus1.png","/fiches/ops/domino-plus2.png","/fiches/ops/domino-placement.png","/fiches/ops/domino-hauteur.png"],"checklist":["ÉTROIT (0 clic)","+1 CLIC","+2 CLICS"]},"finish":"Vernis à l''eau sans COV","source":"Neya_Fiches_Fabrication v1.1 — Mai 2026","debitage":[{"qty":"—","wood":"À compléter","notes":"","piece":"Pièce principale","dimensions":"À compléter"}],"lead_time":"1-2 semaines","dimensions":"À compléter","finish_coats":"2-3","finish_usage":"étagère murale"}'::jsonb);
INSERT INTO standards (id, name, product_type, steps, created_at, meta) VALUES (7, 'SERA — Miroir sculptural', 'SERA', '[{"num":1,"phase":"usinage","tools":["CNC"],"description":"Usinage cadre — profil intérieur","instructions":"CNC / ruban / défonceuse. Feuillure miroir.","estimated_minutes":150},{"num":2,"phase":"assemblage","tools":[],"description":"Pose du miroir","instructions":"Pinces, adhésif ou pattes. Accrochage mural.","estimated_minutes":60},{"image":"/fiches/ops/aretes-profiles.png","phase":"finition","tools":["toupie"],"description":"Cardon des arêtes — profil Neya","instructions":"Cocher le profil : arête vive, chanfrein, 1/4 rond, double chanfrein (1/8\", 1/4\", 3/8\"). Test sur chute obligatoire.","estimated_minutes":30},{"image":"/fiches/ops/timesaver.png","phase":"finition","tools":["Time Saver"],"description":"Sablage","instructions":"Time Saver : ☐ OUI  ☐ NON. Grains : 80 → 120 → 180 → 220. Règle : « si ça passe pas au Time Saver, on fait 80 puis 0 ». 0000 entre couches d''huile seulement.","estimated_minutes":75},{"phase":"finition","tools":["Osmo","vernis"],"description":"Finition","instructions":"Type : Huile Osmo LED Smart Oil. 2 couche(s). Usage : miroir mural. Vérifier lumière rasante. Étiquette Neya.","estimated_minutes":90}]'::jsonb, '2026-06-27T17:31:05.719Z', '{"sku":"SERA","wood":"À compléter","image":"/fiches/products/SERA.png","price":"259 $ — 289 $","finish":"Huile naturelle / Osmo","source":"Neya_Fiches_Fabrication v1.1 — Mai 2026","debitage":[{"qty":"—","wood":"À compléter","notes":"","piece":"Cadre sculptural","dimensions":"À compléter"}],"lead_time":"1-2 semaines","dimensions":"À compléter","finish_coats":"2","finish_usage":"miroir mural"}'::jsonb);
INSERT INTO standards (id, name, product_type, steps, created_at, meta) VALUES (8, 'HARE — Table basse en noyer', 'HARE', '[{"num":1,"image":"/fiches/ops/collage-cernes.png","phase":"assemblage","tools":[],"description":"Collage plateau organique","instructions":"Cernes alternées (⌒ ⌣). 1 serre/3\" largeur. 45 min, 24h avant rabotage.","estimated_minutes":120},{"num":2,"phase":"usinage","tools":[],"description":"Formage plateau","instructions":"Gabarit. Ruban + flush trim défonceuse.","estimated_minutes":120},{"num":3,"image":"/fiches/ops/domino-placement.png","phase":"assemblage","tools":["Domino DF 700"],"description":"Domino + piètement","instructions":"Extrémités ÉTROIT. Aplomb, 4 serres.","estimated_minutes":120},{"image":"/fiches/ops/aretes-profiles.png","phase":"finition","tools":["toupie"],"description":"Cardon des arêtes — profil Neya","instructions":"Cocher le profil : arête vive, chanfrein, 1/4 rond, double chanfrein (1/8\", 1/4\", 3/8\"). Test sur chute obligatoire.","estimated_minutes":30},{"image":"/fiches/ops/timesaver.png","phase":"finition","tools":["Time Saver"],"description":"Sablage","instructions":"Time Saver : ☐ OUI  ☐ NON. Grains : 80 → 120 → 180 → 220. Règle : « si ça passe pas au Time Saver, on fait 80 puis 0 ». 0000 entre couches d''huile seulement.","estimated_minutes":75},{"phase":"finition","tools":["Osmo","vernis"],"description":"Finition","instructions":"Type : Huile Osmo LED Smart Oil (UV). 2 couche(s). Usage : table basse. Vérifier lumière rasante. Étiquette Neya.","estimated_minutes":90}]'::jsonb, '2026-06-27T17:31:05.719Z', '{"sku":"HARE","wood":"Noyer massif","image":"/fiches/products/HARE.png","price":"1 049 $","domino":{"note":"Extrémités en ÉTROIT. Intermédiaires +1 ou +2 clics. Espacer 6–8\".","title":"Assemblage Domino — DF 700","fields":["Fraise (Ø)","Profondeur","Hauteur appui","Nb dominos / jonction"],"images":["/fiches/ops/domino-etroit.png","/fiches/ops/domino-plus1.png","/fiches/ops/domino-plus2.png","/fiches/ops/domino-placement.png","/fiches/ops/domino-hauteur.png"],"checklist":["ÉTROIT (0 clic)","+1 CLIC","+2 CLICS"]},"finish":"Huile Osmo LED Smart Oil","source":"Neya_Fiches_Fabrication v1.1 — Mai 2026","debitage":[{"qty":"1 (collage lattes)","wood":"Noyer","notes":"","piece":"Plateau organique","dimensions":"Forme libre — voir plan"},{"qty":"3 ou 4","wood":"Noyer","notes":"","piece":"Pieds","dimensions":"Voir plan"},{"qty":"—","wood":"Noyer","notes":"","piece":"Traverse / structure","dimensions":"Voir plan"}],"lead_time":"2-3 semaines","dimensions":"À compléter","finish_coats":"2","finish_usage":"table basse — intérieur"}'::jsonb);
INSERT INTO standards (id, name, product_type, steps, created_at, meta) VALUES (9, 'RIVAGE — Table à manger', 'RIVAGE', '[{"num":1,"phase":"assemblage","tools":[],"description":"Collage plateau grand format","instructions":"Serres 1/3\" + sergents transversaux. 45 min, 24h. Time Saver si passe.","estimated_minutes":180},{"num":2,"image":"/fiches/ops/domino-placement.png","phase":"assemblage","tools":["Domino DF 700"],"description":"Domino DF 700 — plateau","instructions":"Croquis positions dominos.","estimated_minutes":150},{"num":3,"phase":"assemblage","tools":[],"description":"Assemblage piètement","instructions":"Diagonales max 1 mm. Vis cale-plateau / Domino / boulons.","estimated_minutes":120},{"image":"/fiches/ops/aretes-profiles.png","phase":"finition","tools":["toupie"],"description":"Cardon des arêtes — profil Neya","instructions":"Cocher le profil : arête vive, chanfrein, 1/4 rond, double chanfrein (1/8\", 1/4\", 3/8\"). Test sur chute obligatoire.","estimated_minutes":30},{"image":"/fiches/ops/timesaver.png","phase":"finition","tools":["Time Saver"],"description":"Sablage","instructions":"Time Saver : ☐ OUI  ☐ NON. Grains : 80 → 120 → 180 → 220. Règle : « si ça passe pas au Time Saver, on fait 80 puis 0 ». 0000 entre couches d''huile seulement.","estimated_minutes":75},{"phase":"finition","tools":["Osmo","vernis"],"description":"Finition","instructions":"Type : Vernis à l''eau (sans COV). 2-3 couche(s). Usage : table à manger. Vérifier lumière rasante. Étiquette Neya.","estimated_minutes":90}]'::jsonb, '2026-06-27T17:31:05.719Z', '{"sku":"RIVAGE","wood":"À compléter","image":"/fiches/products/RIVAGE.png","price":"1 459 $ — 1 749 $ (3 longueurs)","domino":{"note":"Extrémités en ÉTROIT. Intermédiaires +1 ou +2 clics. Espacer 6–8\".","title":"Assemblage Domino — DF 700","fields":["Fraise (Ø)","Profondeur","Hauteur appui","Nb dominos / jonction"],"images":["/fiches/ops/domino-etroit.png","/fiches/ops/domino-plus1.png","/fiches/ops/domino-plus2.png","/fiches/ops/domino-placement.png","/fiches/ops/domino-hauteur.png"],"checklist":["ÉTROIT (0 clic)","+1 CLIC","+2 CLICS"]},"finish":"Vernis à l''eau sans COV","source":"Neya_Fiches_Fabrication v1.1 — Mai 2026","debitage":[{"qty":"À calculer","wood":"________","notes":"","piece":"Plateau (lattes)","dimensions":"Largeur indiv. 4–6\""},{"qty":"4","wood":"________","notes":"","piece":"Pieds","dimensions":"Voir plan"},{"qty":"2","wood":"________","notes":"","piece":"Traverses longues","dimensions":"Voir plan"},{"qty":"2","wood":"________","notes":"","piece":"Traverses courtes","dimensions":"Voir plan"}],"lead_time":"3-5 semaines","dimensions":"60\" / 72\" / 84\"","finish_coats":"2-3","finish_usage":"table à manger"}'::jsonb);
INSERT INTO standards (id, name, product_type, steps, created_at, meta) VALUES (10, 'AZAD — Bureau assis-debout', 'AZAD', '[{"num":1,"phase":"assemblage","tools":[],"description":"Pré-perçage mécanisme","instructions":"Gabarit fabricant AVANT collage. Modèle, course, fixations.","estimated_minutes":60},{"num":2,"image":"/fiches/ops/collage-serres.png","phase":"assemblage","tools":[],"description":"Collage plateau","instructions":"Cernes alternées, sergents. Time Saver + sablage.","estimated_minutes":150},{"num":3,"image":"/fiches/ops/domino-placement.png","phase":"assemblage","tools":["Domino DF 700"],"description":"Domino + montage châssis","instructions":"Mécanisme selon gabarit.","estimated_minutes":120},{"image":"/fiches/ops/aretes-profiles.png","phase":"finition","tools":["toupie"],"description":"Cardon des arêtes — profil Neya","instructions":"Cocher le profil : arête vive, chanfrein, 1/4 rond, double chanfrein (1/8\", 1/4\", 3/8\"). Test sur chute obligatoire.","estimated_minutes":30},{"image":"/fiches/ops/timesaver.png","phase":"finition","tools":["Time Saver"],"description":"Sablage","instructions":"Time Saver : ☐ OUI  ☐ NON. Grains : 80 → 120 → 180 → 220. Règle : « si ça passe pas au Time Saver, on fait 80 puis 0 ». 0000 entre couches d''huile seulement.","estimated_minutes":75},{"phase":"finition","tools":["Osmo","vernis"],"description":"Finition","instructions":"Type : Vernis à l''eau (sans COV). 2-3 couche(s). Usage : bureau assis-debout. Vérifier lumière rasante. Étiquette Neya.","estimated_minutes":90}]'::jsonb, '2026-06-27T17:31:05.719Z', '{"sku":"AZAD","wood":"À compléter","image":"/fiches/products/AZAD.png","price":"1 129 $ — 1 349 $ (4 options)","domino":{"note":"Extrémités en ÉTROIT. Intermédiaires +1 ou +2 clics. Espacer 6–8\".","title":"Assemblage Domino — DF 700","fields":["Fraise (Ø)","Profondeur","Hauteur appui","Nb dominos / jonction"],"images":["/fiches/ops/domino-etroit.png","/fiches/ops/domino-plus1.png","/fiches/ops/domino-plus2.png","/fiches/ops/domino-placement.png","/fiches/ops/domino-hauteur.png"],"checklist":["ÉTROIT (0 clic)","+1 CLIC","+2 CLICS"]},"finish":"Vernis à l''eau sans COV","source":"Neya_Fiches_Fabrication v1.1 — Mai 2026","debitage":[{"qty":"À calculer","wood":"________","notes":"","piece":"Plateau (lattes)","dimensions":"Voir plan"},{"qty":"1 kit","wood":"Acier (fourni)","notes":"","piece":"Châssis assis-debout","dimensions":"Mécanisme motorisé"},{"qty":"—","wood":"________","notes":"","piece":"Chants / encadrement","dimensions":"Voir plan"}],"lead_time":"3-5 semaines","dimensions":"À compléter","finish_coats":"2-3","finish_usage":"bureau — usage intensif"}'::jsonb);


-- projects (6 rows)
INSERT INTO projects (id, client_id, name, status, deadline, budget_estimated, budget_real, standard_id, notes, created_at, wp_order_id, quantity, production_priority, meta, priority, sale_price, drive_folder_id) VALUES (1, NULL, 'pharmacie ', 'active', NULL, '0.00', '0.00', NULL, NULL, '2026-06-27T17:20:33.400Z', NULL, 1, 0, '{}'::jsonb, 0, NULL, NULL);
INSERT INTO projects (id, client_id, name, status, deadline, budget_estimated, budget_real, standard_id, notes, created_at, wp_order_id, quantity, production_priority, meta, priority, sale_price, drive_folder_id) VALUES (2, NULL, 'Déménagement', 'active', '2026-06-28T04:00:00.000Z', '0.00', '0.00', NULL, 'Objectif : start déménagement sans stress. 10% organisation perso.', '2026-06-27T17:23:46.914Z', NULL, 1, 0, '{}'::jsonb, 0, NULL, NULL);
INSERT INTO projects (id, client_id, name, status, deadline, budget_estimated, budget_real, standard_id, notes, created_at, wp_order_id, quantity, production_priority, meta, priority, sale_price, drive_folder_id) VALUES (3, NULL, 'Tabourets', 'active', '2026-07-01T04:00:00.000Z', '0.00', '0.00', 5, 'Finition / livraison — priorité lundi si CNC OK.', '2026-06-27T17:23:46.914Z', NULL, 1, 0, '{}'::jsonb, 0, NULL, NULL);
INSERT INTO projects (id, client_id, name, status, deadline, budget_estimated, budget_real, standard_id, notes, created_at, wp_order_id, quantity, production_priority, meta, priority, sale_price, drive_folder_id) VALUES (4, 1, 'Pharmacie Anne', 'active', '2026-07-03T04:00:00.000Z', '0.00', '0.00', NULL, 'Installation vendredi après-midi. Portes jeudi.', '2026-06-27T17:23:46.914Z', NULL, 1, 0, '{}'::jsonb, 0, NULL, NULL);
INSERT INTO projects (id, client_id, name, status, deadline, budget_estimated, budget_real, standard_id, notes, created_at, wp_order_id, quantity, production_priority, meta, priority, sale_price, drive_folder_id) VALUES (5, 2, 'Rampe Son', 'active', '2026-07-03T04:00:00.000Z', '0.00', '0.00', NULL, 'Vendredi matin — livraison / installation.', '2026-06-27T17:23:46.914Z', NULL, 1, 0, '{}'::jsonb, 0, NULL, NULL);
INSERT INTO projects (id, client_id, name, status, deadline, budget_estimated, budget_real, standard_id, notes, created_at, wp_order_id, quantity, production_priority, meta, priority, sale_price, drive_folder_id) VALUES (6, NULL, 'Sauna Cloud ', 'active', NULL, '0.00', '0.00', NULL, NULL, '2026-07-07T04:20:14.624Z', NULL, 1, 0, '{}'::jsonb, 0, NULL, NULL);


-- tasks (34 rows)
INSERT INTO tasks (id, project_id, title, description, type, status, assigned_to, estimated_minutes, start_time, end_time, created_at, sort_order, priority, assignee_id, actual_minutes, depends_on) VALUES (1, 1, 'fsrf', NULL, 'usinage', 'todo', NULL, 45, NULL, NULL, '2026-06-27T17:20:47.803Z', 0, 1, NULL, NULL, NULL);
INSERT INTO tasks (id, project_id, title, description, type, status, assigned_to, estimated_minutes, start_time, end_time, created_at, sort_order, priority, assignee_id, actual_minutes, depends_on) VALUES (2, 2, 'Début déménagement léger', 'planning-semaine-2026-06-28', 'admin', 'done', NULL, 60, '2026-06-28T12:00:00.000Z', '2026-06-28T15:00:00.000Z', '2026-06-27T17:23:46.914Z', 0, 1, NULL, NULL, NULL);
INSERT INTO tasks (id, project_id, title, description, type, status, assigned_to, estimated_minutes, start_time, end_time, created_at, sort_order, priority, assignee_id, actual_minutes, depends_on) VALUES (3, 2, 'Enlever cadres + vider bureau', 'planning-semaine-2026-06-28', 'admin', 'doing', NULL, 60, '2026-06-28T12:30:00.000Z', '2026-06-28T14:30:00.000Z', '2026-06-27T17:23:46.914Z', 1, 1, NULL, NULL, NULL);
INSERT INTO tasks (id, project_id, title, description, type, status, assigned_to, estimated_minutes, start_time, end_time, created_at, sort_order, priority, assignee_id, actual_minutes, depends_on) VALUES (4, 2, 'Préparer déplacement ordi / outils', 'planning-semaine-2026-06-28', 'admin', 'todo', NULL, 60, '2026-06-28T13:00:00.000Z', '2026-06-28T15:00:00.000Z', '2026-06-27T17:23:46.914Z', 2, 1, NULL, NULL, NULL);
INSERT INTO tasks (id, project_id, title, description, type, status, assigned_to, estimated_minutes, start_time, end_time, created_at, sort_order, priority, assignee_id, actual_minutes, depends_on) VALUES (5, 2, '11h → Louise arrive', 'planning-semaine-2026-06-28', 'admin', 'todo', NULL, 60, '2026-06-28T15:00:00.000Z', '2026-06-28T16:00:00.000Z', '2026-06-27T17:23:46.914Z', 3, 1, NULL, NULL, NULL);
INSERT INTO tasks (id, project_id, title, description, type, status, assigned_to, estimated_minutes, start_time, end_time, created_at, sort_order, priority, assignee_id, actual_minutes, depends_on) VALUES (6, 2, '13h → Récupération clés nouvel appart', 'planning-semaine-2026-06-28', 'admin', 'todo', NULL, 60, '2026-06-28T17:00:00.000Z', '2026-06-28T18:00:00.000Z', '2026-06-27T17:23:46.914Z', 4, 1, NULL, NULL, NULL);
INSERT INTO tasks (id, project_id, title, description, type, status, assigned_to, estimated_minutes, start_time, end_time, created_at, sort_order, priority, assignee_id, actual_minutes, depends_on) VALUES (7, 2, 'Transition + organisation nouveau logement', 'planning-semaine-2026-06-28', 'admin', 'todo', NULL, 60, '2026-06-28T18:00:00.000Z', '2026-06-28T22:00:00.000Z', '2026-06-27T17:23:46.914Z', 5, 1, NULL, NULL, NULL);
INSERT INTO tasks (id, project_id, title, description, type, status, assigned_to, estimated_minutes, start_time, end_time, created_at, sort_order, priority, assignee_id, actual_minutes, depends_on) VALUES (8, 2, 'Si énergie : session atelier OU planification semaine', 'planning-semaine-2026-06-28', 'admin', 'todo', NULL, 60, '2026-06-28T20:00:00.000Z', '2026-06-28T22:00:00.000Z', '2026-06-27T17:23:46.914Z', 6, 1, NULL, NULL, NULL);
INSERT INTO tasks (id, project_id, title, description, type, status, assigned_to, estimated_minutes, start_time, end_time, created_at, sort_order, priority, assignee_id, actual_minutes, depends_on) VALUES (9, 3, '🔥 CNC banc 57"', 'planning-semaine-2026-06-28 | JOUR CRITIQUE ATELIER', 'usinage', 'done', NULL, 60, '2026-06-29T12:00:00.000Z', '2026-06-29T15:00:00.000Z', '2026-06-27T17:23:46.914Z', 0, 1, NULL, NULL, NULL);
INSERT INTO tasks (id, project_id, title, description, type, status, assigned_to, estimated_minutes, start_time, end_time, created_at, sort_order, priority, assignee_id, actual_minutes, depends_on) VALUES (10, 3, '🔥 CNC banc 38"', 'planning-semaine-2026-06-28 | JOUR CRITIQUE ATELIER', 'usinage', 'done', NULL, 60, '2026-06-29T15:00:00.000Z', '2026-06-29T18:00:00.000Z', '2026-06-27T17:23:46.914Z', 1, 1, NULL, NULL, NULL);
INSERT INTO tasks (id, project_id, title, description, type, status, assigned_to, estimated_minutes, start_time, end_time, created_at, sort_order, priority, assignee_id, actual_minutes, depends_on) VALUES (11, 3, '🔥 Délignage 5/4 banc tops', 'planning-semaine-2026-06-28 | JOUR CRITIQUE ATELIER', 'debitage', 'done', NULL, 60, '2026-06-29T18:00:00.000Z', '2026-06-29T21:00:00.000Z', '2026-06-27T17:23:46.914Z', 2, 1, NULL, NULL, NULL);
INSERT INTO tasks (id, project_id, title, description, type, status, assigned_to, estimated_minutes, start_time, end_time, created_at, sort_order, priority, assignee_id, actual_minutes, depends_on) VALUES (12, 3, 'Suivi tabourets — finition / livraison', 'planning-semaine-2026-06-28', 'finition', 'done', NULL, 60, '2026-06-29T20:00:00.000Z', '2026-06-29T22:00:00.000Z', '2026-06-27T17:23:46.914Z', 3, 1, NULL, NULL, NULL);
INSERT INTO tasks (id, project_id, title, description, type, status, assigned_to, estimated_minutes, start_time, end_time, created_at, sort_order, priority, assignee_id, actual_minutes, depends_on) VALUES (13, 4, 'Poignées pharmacie', 'planning-semaine-2026-06-28', 'assemblage', 'todo', NULL, 60, '2026-06-30T12:00:00.000Z', '2026-06-30T15:00:00.000Z', '2026-06-27T17:23:46.914Z', 0, 1, NULL, NULL, NULL);
INSERT INTO tasks (id, project_id, title, description, type, status, assigned_to, estimated_minutes, start_time, end_time, created_at, sort_order, priority, assignee_id, actual_minutes, depends_on) VALUES (14, 4, 'Sablage intérieur + colle', 'planning-semaine-2026-06-28', 'finition', 'todo', NULL, 60, '2026-06-30T15:00:00.000Z', '2026-06-30T19:00:00.000Z', '2026-06-27T17:23:46.914Z', 1, 1, NULL, NULL, NULL);
INSERT INTO tasks (id, project_id, title, description, type, status, assigned_to, estimated_minutes, start_time, end_time, created_at, sort_order, priority, assignee_id, actual_minutes, depends_on) VALUES (15, 4, 'Bandes de chant', 'planning-semaine-2026-06-28', 'assemblage', 'todo', NULL, 60, '2026-06-30T19:00:00.000Z', '2026-06-30T22:00:00.000Z', '2026-06-27T17:23:46.914Z', 2, 1, NULL, NULL, NULL);
INSERT INTO tasks (id, project_id, title, description, type, status, assigned_to, estimated_minutes, start_time, end_time, created_at, sort_order, priority, assignee_id, actual_minutes, depends_on) VALUES (16, 3, 'Finition tabourets (si pas fini lundi)', 'planning-semaine-2026-06-28', 'finition', 'done', NULL, 60, '2026-06-30T20:00:00.000Z', '2026-06-30T22:00:00.000Z', '2026-06-27T17:23:46.914Z', 4, 1, NULL, NULL, NULL);
INSERT INTO tasks (id, project_id, title, description, type, status, assigned_to, estimated_minutes, start_time, end_time, created_at, sort_order, priority, assignee_id, actual_minutes, depends_on) VALUES (17, 4, 'Tablette milieu pharmacie', 'planning-semaine-2026-06-28', 'assemblage', 'todo', NULL, 60, '2026-07-01T12:00:00.000Z', '2026-07-01T16:00:00.000Z', '2026-06-27T17:23:46.914Z', 3, 1, NULL, NULL, NULL);
INSERT INTO tasks (id, project_id, title, description, type, status, assigned_to, estimated_minutes, start_time, end_time, created_at, sort_order, priority, assignee_id, actual_minutes, depends_on) VALUES (18, 4, 'Avancement pharmacie — suite', 'planning-semaine-2026-06-28', 'finition', 'todo', NULL, 60, '2026-07-01T17:00:00.000Z', '2026-07-01T21:00:00.000Z', '2026-06-27T17:23:46.914Z', 4, 1, NULL, NULL, NULL);
INSERT INTO tasks (id, project_id, title, description, type, status, assigned_to, estimated_minutes, start_time, end_time, created_at, sort_order, priority, assignee_id, actual_minutes, depends_on) VALUES (19, 3, 'Finition tabourets — reprise si besoin', 'planning-semaine-2026-06-28', 'finition', 'done', NULL, 60, '2026-07-01T19:00:00.000Z', '2026-07-01T21:00:00.000Z', '2026-06-27T17:23:46.914Z', 5, 1, NULL, NULL, NULL);
INSERT INTO tasks (id, project_id, title, description, type, status, assigned_to, estimated_minutes, start_time, end_time, created_at, sort_order, priority, assignee_id, actual_minutes, depends_on) VALUES (20, 4, 'Récupération portes pharmacie', 'planning-semaine-2026-06-28', 'admin', 'todo', NULL, 60, '2026-07-02T12:00:00.000Z', '2026-07-02T14:00:00.000Z', '2026-06-27T17:23:46.914Z', 5, 1, NULL, NULL, NULL);
INSERT INTO tasks (id, project_id, title, description, type, status, assigned_to, estimated_minutes, start_time, end_time, created_at, sort_order, priority, assignee_id, actual_minutes, depends_on) VALUES (21, 4, 'Préparation installation vendredi', 'planning-semaine-2026-06-28', 'assemblage', 'todo', NULL, 60, '2026-07-02T14:00:00.000Z', '2026-07-02T18:00:00.000Z', '2026-06-27T17:23:46.914Z', 6, 1, NULL, NULL, NULL);
INSERT INTO tasks (id, project_id, title, description, type, status, assigned_to, estimated_minutes, start_time, end_time, created_at, sort_order, priority, assignee_id, actual_minutes, depends_on) VALUES (22, 4, 'Finition + vernis 1ère couche', 'planning-semaine-2026-06-28', 'finition', 'todo', NULL, 60, '2026-07-02T18:00:00.000Z', '2026-07-02T22:00:00.000Z', '2026-06-27T17:23:46.914Z', 7, 1, NULL, NULL, NULL);
INSERT INTO tasks (id, project_id, title, description, type, status, assigned_to, estimated_minutes, start_time, end_time, created_at, sort_order, priority, assignee_id, actual_minutes, depends_on) VALUES (23, 5, '🔥 Rampe Son — matin', 'planning-semaine-2026-06-28', 'assemblage', 'todo', NULL, 60, '2026-07-03T12:00:00.000Z', '2026-07-03T16:00:00.000Z', '2026-06-27T17:23:46.914Z', 0, 1, NULL, NULL, NULL);
INSERT INTO tasks (id, project_id, title, description, type, status, assigned_to, estimated_minutes, start_time, end_time, created_at, sort_order, priority, assignee_id, actual_minutes, depends_on) VALUES (24, 4, '🔥 Pharmacie Anne — installation + finition', 'planning-semaine-2026-06-28', 'assemblage', 'todo', NULL, 60, '2026-07-03T17:00:00.000Z', '2026-07-03T22:00:00.000Z', '2026-06-27T17:23:46.914Z', 8, 1, NULL, NULL, NULL);
INSERT INTO tasks (id, project_id, title, description, type, status, assigned_to, estimated_minutes, start_time, end_time, created_at, sort_order, priority, assignee_id, actual_minutes, depends_on) VALUES (25, 3, 'Débitage dessus + pieds', 'from-standard:MÕA | Dessus ondulé ×1 (collage lattes). Pieds cylindriques ×3 (tournés ou CNC). Pied signature noyer ×1 si dessus frêne.', 'debitage', 'done', NULL, 90, '2026-07-01T12:00:00.000Z', '2026-07-01T13:00:00.000Z', '2026-06-27T17:32:34.284Z', 6, 1, NULL, NULL, NULL);
INSERT INTO tasks (id, project_id, title, description, type, status, assigned_to, estimated_minutes, start_time, end_time, created_at, sort_order, priority, assignee_id, actual_minutes, depends_on) VALUES (26, 3, 'Usinage dessus ondulé', 'from-standard:MÕA | Collage lattes puis CNC profil ondulé OU scie ruban + gabarit plexi. Pieds : tour ou CNC.', 'usinage', 'done', NULL, 180, '2026-07-01T12:30:00.000Z', '2026-07-01T13:30:00.000Z', '2026-06-27T17:32:34.284Z', 7, 1, NULL, NULL, NULL);
INSERT INTO tasks (id, project_id, title, description, type, status, assigned_to, estimated_minutes, start_time, end_time, created_at, sort_order, priority, assignee_id, actual_minutes, depends_on) VALUES (27, 3, 'Domino DF 700 — pieds/dessus', 'from-standard:MÕA | DF 700 uniquement. Extrémités ÉTROIT, intermédiaires +1/+2 clics. Noter fraise, profondeur, hauteur appui, nb dominos.', 'assemblage', 'done', NULL, 120, '2026-07-07T11:45:00.000Z', '2026-07-07T19:45:00.000Z', '2026-06-27T17:32:34.284Z', 8, 1, NULL, NULL, NULL);
INSERT INTO tasks (id, project_id, title, description, type, status, assigned_to, estimated_minutes, start_time, end_time, created_at, sort_order, priority, assignee_id, actual_minutes, depends_on) VALUES (28, 3, 'Assemblage final tabouret', 'from-standard:MÕA | 3 pieds + dessus. Vérifier aplomb. Serrage 4 serres min alternées.', 'assemblage', 'done', NULL, 60, '2026-07-01T15:00:00.000Z', '2026-07-01T16:00:00.000Z', '2026-06-27T17:32:34.284Z', 9, 1, NULL, NULL, NULL);
INSERT INTO tasks (id, project_id, title, description, type, status, assigned_to, estimated_minutes, start_time, end_time, created_at, sort_order, priority, assignee_id, actual_minutes, depends_on) VALUES (29, 3, 'Cardon des arêtes — profil Neya', 'from-standard:MÕA | Choisir parmi : arête vive, chanfrein, 1/4 rond, double chanfrein. Test sur chute avant pièce finale. Arêtes intérieures : râpe + sablage 180.', 'finition', 'done', NULL, 30, NULL, NULL, '2026-06-27T17:32:34.284Z', 10, 1, NULL, NULL, NULL);
INSERT INTO tasks (id, project_id, title, description, type, status, assigned_to, estimated_minutes, start_time, end_time, created_at, sort_order, priority, assignee_id, actual_minutes, depends_on) VALUES (30, 3, 'Sablage — Time Saver ou manuel', 'from-standard:MÕA | Règle NEYA : « si ça passe pas au Time Saver, on fait 80 puis 0 ». Séquence : 80 → 120 → 180 → 220. Laine 0000 entre couches d''huile seulement. P100 obligatoire en soufflant.', 'finition', 'done', NULL, 75, NULL, NULL, '2026-06-27T17:32:34.284Z', 11, 1, NULL, NULL, NULL);
INSERT INTO tasks (id, project_id, title, description, type, status, assigned_to, estimated_minutes, start_time, end_time, created_at, sort_order, priority, assignee_id, actual_minutes, depends_on) VALUES (31, 3, 'Finition — Vernis à l''eau sans COV', 'from-standard:MÕA | 2-3 couche(s). Usage : assise quotidienne. Vérifier à la lumière rasante. Chiffons huilés → bidon métal (jamais en boule à la poubelle).', 'finition', 'done', NULL, 90, NULL, NULL, '2026-06-27T17:32:34.284Z', 12, 1, NULL, NULL, NULL);
INSERT INTO tasks (id, project_id, title, description, type, status, assigned_to, estimated_minutes, start_time, end_time, created_at, sort_order, priority, assignee_id, actual_minutes, depends_on) VALUES (32, 3, 'Étiquetage + suivi production', 'from-standard:MÕA | Étiquette Neya : essence, date, finisseur, n° commande.', 'finition', 'done', NULL, 10, NULL, NULL, '2026-06-27T17:32:34.284Z', 13, 1, NULL, NULL, NULL);
INSERT INTO tasks (id, project_id, title, description, type, status, assigned_to, estimated_minutes, start_time, end_time, created_at, sort_order, priority, assignee_id, actual_minutes, depends_on) VALUES (33, 4, 'french cleat', NULL, 'admin', 'todo', NULL, NULL, NULL, NULL, '2026-06-28T01:33:26.203Z', 9, 1, NULL, NULL, NULL);
INSERT INTO tasks (id, project_id, title, description, type, status, assigned_to, estimated_minutes, start_time, end_time, created_at, sort_order, priority, assignee_id, actual_minutes, depends_on) VALUES (34, 4, 'tablette', NULL, 'admin', 'todo', NULL, NULL, NULL, NULL, '2026-06-28T01:33:29.876Z', 10, 1, NULL, NULL, NULL);


-- admin_tasks (21 rows)
INSERT INTO admin_tasks (id, title, category, status, due_date, notes, link_href, source_key, sort_order, completed_at, created_at, priority_tier) VALUES (1, 'Préparer participation au prochain marché', 'marche', 'todo', NULL, 'Stand, inventaire, affiches, paiement', NULL, NULL, 0, NULL, '2026-07-07T03:58:19.414Z', 'p2');
INSERT INTO admin_tasks (id, title, category, status, due_date, notes, link_href, source_key, sort_order, completed_at, created_at, priority_tier) VALUES (2, 'Factures en attente à émettre', 'facturation', 'todo', NULL, NULL, '/invoices', NULL, 1, NULL, '2026-07-07T03:58:19.415Z', 'p2');
INSERT INTO admin_tasks (id, title, category, status, due_date, notes, link_href, source_key, sort_order, completed_at, created_at, priority_tier) VALUES (3, 'Finaliser le site web (pages, produits, checkout)', 'site_web', 'todo', NULL, NULL, '/web', NULL, 2, NULL, '2026-07-07T03:58:19.415Z', 'p2');
INSERT INTO admin_tasks (id, title, category, status, due_date, notes, link_href, source_key, sort_order, completed_at, created_at, priority_tier) VALUES (4, 'Campagne pub & SEO (Google, réseaux sociaux)', 'marketing', 'todo', NULL, NULL, NULL, NULL, 3, NULL, '2026-07-07T03:58:19.415Z', 'p2');
INSERT INTO admin_tasks (id, title, category, status, due_date, notes, link_href, source_key, sort_order, completed_at, created_at, priority_tier) VALUES (5, 'Suivi comptabilité et dépenses mensuelles', 'gestion', 'todo', NULL, NULL, '/expenses', NULL, 4, NULL, '2026-07-07T03:58:19.415Z', 'p2');
INSERT INTO admin_tasks (id, title, category, status, due_date, notes, link_href, source_key, sort_order, completed_at, created_at, priority_tier) VALUES (6, 'Renouveler assurances et permis atelier', 'gestion', 'todo', NULL, NULL, NULL, NULL, 5, NULL, '2026-07-07T03:58:19.416Z', 'p2');
INSERT INTO admin_tasks (id, title, category, status, due_date, notes, link_href, source_key, sort_order, completed_at, created_at, priority_tier) VALUES (7, 'Configurer la connexion au site web', 'site_web', 'todo', NULL, NULL, '/web', 'web_setup', 6, NULL, '2026-07-07T04:01:47.943Z', 'p2');
INSERT INTO admin_tasks (id, title, category, status, due_date, notes, link_href, source_key, sort_order, completed_at, created_at, priority_tier) VALUES (8, 'Couper Internet de l''ancien appartement', 'gestion', 'done', NULL, NULL, NULL, 'prio_p1_internet_cut', 0, '2026-07-07T19:07:17.028Z', '2026-07-07T19:03:37.968Z', 'p1');
INSERT INTO admin_tasks (id, title, category, status, due_date, notes, link_href, source_key, sort_order, completed_at, created_at, priority_tier) VALUES (10, 'Couper l''électricité de l''ancien appartement', 'gestion', 'done', NULL, NULL, NULL, 'prio_p1_electric_cut', 1, '2026-07-07T19:07:17.635Z', '2026-07-07T19:03:37.969Z', 'p1');
INSERT INTO admin_tasks (id, title, category, status, due_date, notes, link_href, source_key, sort_order, completed_at, created_at, priority_tier) VALUES (11, 'Trouver et souscrire un nouvel abonnement Internet', 'gestion', 'done', NULL, NULL, NULL, 'prio_p1_internet_new', 2, '2026-07-07T20:20:37.848Z', '2026-07-07T19:03:37.970Z', 'p1');
INSERT INTO admin_tasks (id, title, category, status, due_date, notes, link_href, source_key, sort_order, completed_at, created_at, priority_tier) VALUES (12, 'Refaire la facture pour Etel', 'facturation', 'doing', NULL, NULL, '/invoices', 'prio_p1_etel', 3, NULL, '2026-07-07T19:03:37.972Z', 'p1');
INSERT INTO admin_tasks (id, title, category, status, due_date, notes, link_href, source_key, sort_order, completed_at, created_at, priority_tier) VALUES (13, 'Envoyer la facture pour l''AEM', 'facturation', 'todo', NULL, NULL, '/invoices', 'prio_p1_aem', 4, NULL, '2026-07-07T19:03:37.974Z', 'p1');
INSERT INTO admin_tasks (id, title, category, status, due_date, notes, link_href, source_key, sort_order, completed_at, created_at, priority_tier) VALUES (14, 'Payer la facture d''Olive', 'facturation', 'done', NULL, NULL, '/expenses', 'prio_p1_olive', 5, '2026-07-07T19:07:23.283Z', '2026-07-07T19:03:37.975Z', 'p1');
INSERT INTO admin_tasks (id, title, category, status, due_date, notes, link_href, source_key, sort_order, completed_at, created_at, priority_tier) VALUES (15, 'Faire la facture Anne', 'facturation', 'todo', NULL, NULL, '/invoices', 'prio_p2_anne', 6, NULL, '2026-07-07T19:03:37.977Z', 'p2');
INSERT INTO admin_tasks (id, title, category, status, due_date, notes, link_href, source_key, sort_order, completed_at, created_at, priority_tier) VALUES (16, 'Faire la facture Son', 'facturation', 'todo', NULL, NULL, '/invoices', 'prio_p2_son', 7, NULL, '2026-07-07T19:03:37.978Z', 'p2');
INSERT INTO admin_tasks (id, title, category, status, due_date, notes, link_href, source_key, sort_order, completed_at, created_at, priority_tier) VALUES (17, 'Relancer ENNS pour le paiement', 'facturation', 'todo', NULL, NULL, '/invoices', 'prio_p2_enns_relance', 8, NULL, '2026-07-07T19:03:37.979Z', 'p2');
INSERT INTO admin_tasks (id, title, category, status, due_date, notes, link_href, source_key, sort_order, completed_at, created_at, priority_tier) VALUES (18, 'Modifier le devis ENNS (caissons + table)', 'facturation', 'todo', NULL, NULL, '/invoices', 'prio_p2_enns_devis', 9, NULL, '2026-07-07T19:03:37.980Z', 'p2');
INSERT INTO admin_tasks (id, title, category, status, due_date, notes, link_href, source_key, sort_order, completed_at, created_at, priority_tier) VALUES (19, 'Préparer le plan de production Sonacloud', 'gestion', 'todo', NULL, NULL, '/production', 'prio_p2_sonacloud_plan', 10, NULL, '2026-07-07T19:03:37.981Z', 'p2');
INSERT INTO admin_tasks (id, title, category, status, due_date, notes, link_href, source_key, sort_order, completed_at, created_at, priority_tier) VALUES (20, 'Finir le site web', 'site_web', 'todo', NULL, NULL, '/web', 'prio_p3_site', 13, NULL, '2026-07-07T19:03:37.983Z', 'p3');
INSERT INTO admin_tasks (id, title, category, status, due_date, notes, link_href, source_key, sort_order, completed_at, created_at, priority_tier) VALUES (21, 'Mettre le RP en ligne', 'marketing', 'todo', NULL, NULL, '/web', 'prio_p3_rp_online', 12, NULL, '2026-07-07T19:03:37.984Z', 'p3');
INSERT INTO admin_tasks (id, title, category, status, due_date, notes, link_href, source_key, sort_order, completed_at, created_at, priority_tier) VALUES (22, 'Ajouter le PDF Sonacloud dans le RP', 'site_web', 'todo', NULL, NULL, '/web', 'prio_p3_rp_pdf', 11, NULL, '2026-07-07T19:03:37.985Z', 'p3');


-- Liste de courses par défaut (atelier)

INSERT INTO purchase_needs (title, category, quantity, unit, priority, status, source) VALUES ('Colle bois Titebond', 'consommable', 2, 'bouteilles', 'normal', 'needed', 'seed');

INSERT INTO purchase_needs (title, category, quantity, unit, priority, status, source) VALUES ('Papier abrasif 120/180/220', 'consommable', 1, 'lot', 'normal', 'needed', 'seed');

INSERT INTO purchase_needs (title, category, quantity, unit, priority, status, source) VALUES ('Lames scie circulaire', 'outil', 2, 'unités', 'normal', 'needed', 'seed');

INSERT INTO purchase_needs (title, category, quantity, unit, priority, status, source) VALUES ('Vis à bois assorties', 'quincaillerie', 1, 'boîte', 'normal', 'needed', 'seed');

INSERT INTO purchase_needs (title, category, quantity, unit, priority, status, source) VALUES ('Bandes de chant', 'materiaux', 1, 'rouleau', 'normal', 'needed', 'seed');

SELECT setval(pg_get_serial_sequence('clients', 'id'), COALESCE((SELECT MAX(id) FROM clients), 1));

SELECT setval(pg_get_serial_sequence('employees', 'id'), COALESCE((SELECT MAX(id) FROM employees), 1));

SELECT setval(pg_get_serial_sequence('standards', 'id'), COALESCE((SELECT MAX(id) FROM standards), 1));

SELECT setval(pg_get_serial_sequence('projects', 'id'), COALESCE((SELECT MAX(id) FROM projects), 1));

SELECT setval(pg_get_serial_sequence('tasks', 'id'), COALESCE((SELECT MAX(id) FROM tasks), 1));

SELECT setval(pg_get_serial_sequence('purchase_needs', 'id'), COALESCE((SELECT MAX(id) FROM purchase_needs), 1));

SELECT setval(pg_get_serial_sequence('inventory_items', 'id'), COALESCE((SELECT MAX(id) FROM inventory_items), 1));

SELECT setval(pg_get_serial_sequence('suppliers', 'id'), COALESCE((SELECT MAX(id) FROM suppliers), 1));

SELECT setval(pg_get_serial_sequence('admin_tasks', 'id'), COALESCE((SELECT MAX(id) FROM admin_tasks), 1));

SELECT setval(pg_get_serial_sequence('dashboard_todos', 'id'), COALESCE((SELECT MAX(id) FROM dashboard_todos), 1));

SELECT setval(pg_get_serial_sequence('quotes', 'id'), COALESCE((SELECT MAX(id) FROM quotes), 1));

SELECT setval(pg_get_serial_sequence('invoices', 'id'), COALESCE((SELECT MAX(id) FROM invoices), 1));

COMMIT;